name,vernacular_fr,rank,tsn,created_at,updated_at
Ctenucha virginica,cténuche de virginie,espèce,188644,2018-11-07 13:44:51.984-05,2018-11-07 13:44:51.984-05
Boloria chariclea,boloria pourpré,espèce,188571,2018-11-07 13:44:51.984-05,2018-11-07 13:44:51.984-05
Hemaris thysbe,sphinx colibri,espèce,188633,2018-11-07 13:44:51.984-05,2018-11-07 13:44:51.984-05
Hemaris diffinis,sphinx chèvrefeuille,espèce,936068,2018-11-07 13:44:51.984-05,2018-11-07 13:44:51.984-05
Amelanchier,amélanchier,genre,25108,2018-11-07 13:44:51.984-05,2018-11-07 13:44:51.984-05
Alnus rugosa,aulne rugueux,espèce,181888,2018-11-07 13:44:51.984-05,2018-11-07 13:44:51.984-05
Betula papyrifera,bouleau à papier,espèce,19489,2018-11-07 13:44:51.984-05,2018-11-07 13:44:51.984-05
Betula populifolia,bouleau gris,espèce,19497,2018-11-07 13:44:51.984-05,2018-11-07 13:44:51.984-05
Betula alleghaniensis,bouleau jaune,espèce,19481,2018-11-07 13:44:51.984-05,2018-11-07 13:44:51.984-05
Carya cordiformis,caryer cordiforme,espèce,19227,2018-11-07 13:44:51.984-05,2018-11-07 13:44:51.984-05
Prunus pensylvanica,cerisier de pennsylvanie,espèce,24799,2018-11-07 13:44:51.984-05,2018-11-07 13:44:51.984-05
Pinus virginiana,cerisier de virginie,espèce,183394,2018-11-07 13:44:51.984-05,2018-11-07 13:44:51.984-05
Prunus serotina,cerisier tardif,espèce,24764,2018-11-07 13:44:51.984-05,2018-11-07 13:44:51.984-05
Quercus macrocarpa,chêne à gros fruits,espèce,19287,2018-11-07 13:44:51.984-05,2018-11-07 13:44:51.984-05
Quercus bicolor,chêne bicolore,espèce,19300,2018-11-07 13:44:51.984-05,2018-11-07 13:44:51.984-05
Quercus alba,chêne blanc,espèce,19290,2018-11-07 13:44:51.984-05,2018-11-07 13:44:51.984-05
Quercus rubra,chêne rouge,espèce,19408,2018-11-07 13:44:51.984-05,2018-11-07 13:44:51.984-05
Picea glauca,épinette blanche,espèce,183295,2018-11-07 13:44:51.984-05,2018-11-07 13:44:51.984-05
Picea abies,épinette de norvège,espèce,183289,2018-11-07 13:44:51.984-05,2018-11-07 13:44:51.984-05
Picea mariana,épinette noire,espèce,183302,2018-11-07 13:44:51.984-05,2018-11-07 13:44:51.984-05
Picea rubens,épinette rouge,espèce,18034,2018-11-07 13:44:51.984-05,2018-11-07 13:44:51.984-05
Acer spicatum,érable à épis,espèce,28758,2018-11-07 13:44:51.984-05,2018-11-07 13:44:51.984-05
Acer saccharum,érable à sucre,espèce,28731,2018-11-07 13:44:51.984-05,2018-11-07 13:44:51.984-05
Acer saccharinum,érable argenté,espèce,28757,2018-11-07 13:44:51.984-05,2018-11-07 13:44:51.984-05
Acer pensylvanicum,érable de pennsylvanie,espèce,28754,2018-11-07 13:44:51.984-05,2018-11-07 13:44:51.984-05
Acer rubrum,érable rouge,espèce,28728,2018-11-07 13:44:51.984-05,2018-11-07 13:44:51.984-05
Fraxinus americana,frêne d'amérique,espèce,32931,2018-11-07 13:44:51.984-05,2018-11-07 13:44:51.984-05
Fraxinus pennsylvanica,frêne de pennsylvanie,espèce,32929,2018-11-07 13:44:51.984-05,2018-11-07 13:44:51.984-05
Fraxinus nigra,frêne noir,espèce,32945,2018-11-07 13:44:51.984-05,2018-11-07 13:44:51.984-05
Fagus grandifolia,hêtre à grandes feuilles,espèce,19462,2018-11-07 13:44:51.984-05,2018-11-07 13:44:51.984-05
Larix laricina,mélèze laricin,espèce,183412,2018-11-07 13:44:51.984-05,2018-11-07 13:44:51.984-05
Juglans cinerea,noyer cendré,espèce,19250,2018-11-07 13:44:51.984-05,2018-11-07 13:44:51.984-05
Ulmus americana,orme d'amérique,espèce,19049,2018-11-07 13:44:51.984-05,2018-11-07 13:44:51.984-05
Ulmus thomasii,orme de thomas,espèce,19059,2018-11-07 13:44:51.984-05,2018-11-07 13:44:51.984-05
Ulmus rubra,orme rouge,espèce,19050,2018-11-07 13:44:51.984-05,2018-11-07 13:44:51.984-05
Ostrya virginiana,ostryer de virginie,espèce,19511,2018-11-07 13:44:51.984-05,2018-11-07 13:44:51.984-05
Populus deltoides,peuplier à feuilles deltoïdes,espèce,22445,2018-11-07 13:44:51.984-05,2018-11-07 13:44:51.984-05
Populus grandidentata,peuplier à grandes dents,espèce,22463,2018-11-07 13:44:51.984-05,2018-11-07 13:44:51.984-05
Populus balsamifera,peuplier baumier,espèce,22453,2018-11-07 13:44:51.984-05,2018-11-07 13:44:51.984-05
Populus tremuloides,peuplier faux tremble,espèce,195773,2018-11-07 13:44:51.984-05,2018-11-07 13:44:51.984-05
Pinus strobus,pin blanc,espèce,183385,2018-11-07 13:44:51.984-05,2018-11-07 13:44:51.984-05
Pinus banksiana,pin gris,espèce,183319,2018-11-07 13:44:51.984-05,2018-11-07 13:44:51.984-05
Pinus resinosa,pin rouge,espèce,183375,2018-11-07 13:44:51.984-05,2018-11-07 13:44:51.984-05
Pinus sylvestris,pin sylvestre,espèce,183389,2018-11-07 13:44:51.984-05,2018-11-07 13:44:51.984-05
Malus,pommier,genre,507062,2018-11-07 13:44:51.984-05,2018-11-07 13:44:51.984-05
Tsuga canadensis,pruche de l'est,espèce,183397,2018-11-07 13:44:51.984-05,2018-11-07 13:44:51.984-05
Abies balsamea,sapin baumier,espèce,18032,2018-11-07 13:44:51.984-05,2018-11-07 13:44:51.984-05
Salix,saule,genre,22476,2018-11-07 13:44:51.984-05,2018-11-07 13:44:51.984-05
Sorbus americana,sorbier d'amérique,espèce,25319,2018-11-07 13:44:51.984-05,2018-11-07 13:44:51.984-05
Sorbus aucuparia,sorbier des montagnes,espèce,25320,2018-11-07 13:44:51.984-05,2018-11-07 13:44:51.984-05
Thuja occidentalis,thuya occidental,espèce,505490,2018-11-07 13:44:51.984-05,2018-11-07 13:44:51.984-05
Tilia americana,tilleul d'amérique,espèce,21536,2018-11-07 13:44:51.984-05,2018-11-07 13:44:51.984-05
Actaea rubra,actée rouge,espèce,18723,2018-11-07 13:44:51.984-05,2018-11-07 13:44:51.984-05
Andromeda polifolia,andromède glauque,espèce,23465,2018-11-07 13:44:51.984-05,2018-11-07 13:44:51.984-05
Aralia nudicaulis,aralie à tige nue,espèce,29376,2018-11-07 13:44:51.984-05,2018-11-07 13:44:51.984-05
Arisaema triphyllum,arisème petit-prêcheur,espèce,42525,2018-11-07 13:44:51.984-05,2018-11-07 13:44:51.984-05
Aronia melanocarpa,aronie à fruits noirs,espèce,25127,2018-11-07 13:44:51.984-05,2018-11-07 13:44:51.984-05
Eurybia macrophylla,aster à grandes feuilles,espèce,513449,2018-11-07 13:44:51.984-05,2018-11-07 13:44:51.984-05
Vaccinium angustifolium,bleuet à feuilles étroites,espèce,23579,2018-11-07 13:44:51.984-05,2018-11-07 13:44:51.984-05
Vaccinium myrtilloides,bleuet fausse-myrtille,espèce,23604,2018-11-07 13:44:51.984-05,2018-11-07 13:44:51.984-05
Calamagrostis canadensis,calamagrostide du canada,espèce,40544,2018-11-07 13:44:51.984-05,2018-11-07 13:44:51.984-05
Vaccinium oxycoccos,canneberge commune,espèce,505635,2018-11-07 13:44:51.984-05,2018-11-07 13:44:51.984-05
Carex,carex,genre,39369,2018-11-07 13:44:51.984-05,2018-11-07 13:44:51.984-05
Carex canescens,carex blanchâtre,espèce,39447,2018-11-07 13:44:51.984-05,2018-11-07 13:44:51.984-05
Carex magellanica,carex chétif,espèce,501242,2018-11-07 13:44:51.984-05,2018-11-07 13:44:51.984-05
Carex limosa,carex des bourbiers,espèce,39674,2018-11-07 13:44:51.984-05,2018-11-07 13:44:51.984-05
Carex oligosperma,carex oligosperme,espèce,39729,2018-11-07 13:44:51.984-05,2018-11-07 13:44:51.984-05
Carex stricta,carex raide,espèce,39435,2018-11-07 13:44:51.984-05,2018-11-07 13:44:51.984-05
Carex trisperma,carex trisperme,espèce,39853,2018-11-07 13:44:51.984-05,2018-11-07 13:44:51.984-05
Carex utriculata,carex utriculé,espèce,501288,2018-11-07 13:44:51.984-05,2018-11-07 13:44:51.984-05
Chamaedaphne calyculata,cassandre caliculé,espèce,23637,2018-11-07 13:44:51.984-05,2018-11-07 13:44:51.984-05
Lonicera canadensis,chèvrefeuille du canada,espèce,35282,2018-11-07 13:44:51.984-05,2018-11-07 13:44:51.984-05
Rubus chamaemorus,chicouté,espèce,24850,2018-11-07 13:44:51.984-05,2018-11-07 13:44:51.984-05
Claytonia caroliniana,claytonie de caroline,espèce,20385,2018-11-07 13:44:51.984-05,2018-11-07 13:44:51.984-05
Clintonia borealis,clintonie boréale,espèce,42903,2018-11-07 13:44:51.984-05,2018-11-07 13:44:51.984-05
Comarum palustre,comaret des marais,espèce,501615,2018-11-07 13:44:51.984-05,2018-11-07 13:44:51.984-05
Cypripedium acaule,cypripède acaule,espèce,43534,2018-11-07 13:44:51.984-05,2018-11-07 13:44:51.984-05
Dicentra canadensis,dicentre du canada,espèce,18943,2018-11-07 13:44:51.984-05,2018-11-07 13:44:51.984-05
Drosera rotundifolia,droséra à feuilles rondes,espèce,22017,2018-11-07 13:44:51.984-05,2018-11-07 13:44:51.984-05
Dryopteris carthusiana,dryoptère spinuleuse,espèce,502157,2018-11-07 13:44:51.984-05,2018-11-07 13:44:51.984-05
Erythronium americanum,érythrone d'amérique,espèce,196365,2018-11-07 13:44:51.984-05,2018-11-07 13:44:51.984-05
Fragaria vesca,fraisier des bois,espèce,24634,2018-11-07 13:44:51.984-05,2018-11-07 13:44:51.984-05
Galium,gaillet,genre,34796,2018-11-07 13:44:51.984-05,2018-11-07 13:44:51.984-05
Gymnocarpium dryopteris,gymnocarpe du chêne,espèce,17579,2018-11-07 13:44:51.984-05,2018-11-07 13:44:51.984-05
Taxus canadensis,if du canada,espèce,194885,2018-11-07 13:44:51.984-05,2018-11-07 13:44:51.984-05
Iris versicolor,iris versicolore,espèce,43196,2018-11-07 13:44:51.984-05,2018-11-07 13:44:51.984-05
Kalmia polifolia,kalmia à feuilles d'andromède,espèce,23679,2018-11-07 13:44:51.984-05,2018-11-07 13:44:51.984-05
Kalmia angustifolia,kalmia à feuilles étroites,espèce,503278,2018-11-07 13:44:51.984-05,2018-11-07 13:44:51.984-05
Eriophorum vaginatum,linaigrette à large gaine,espèce,40104,2018-11-07 13:44:51.984-05,2018-11-07 13:44:51.984-05
Huperzia lucidula,lycopode brillant,espèce,503079,2018-11-07 13:44:51.984-05,2018-11-07 13:44:51.984-05
Maianthemum canadense,maïanthème du canada,espèce,503653,2018-11-07 13:44:51.984-05,2018-11-07 13:44:51.984-05
Triadenum fraseri,millepertuis de fraser,espèce,21473,2018-11-07 13:44:51.984-05,2018-11-07 13:44:51.984-05
Myrica gale,myrique baumier,espèce,19265,2018-11-07 13:44:51.984-05,2018-11-07 13:44:51.984-05
Ilex mucronata,némopanthe mucroné,espèce,835359,2018-11-07 13:44:51.984-05,2018-11-07 13:44:51.984-05
Corylus cornuta,noisetier à long bec,espèce,19507,2018-11-07 13:44:51.984-05,2018-11-07 13:44:51.984-05
Oxalis montana,oxalide de montagne,espèce,29090,2018-11-07 13:44:51.984-05,2018-11-07 13:44:51.984-05
Gaultheria procumbens,petit thé,espèce,23657,2018-11-07 13:44:51.984-05,2018-11-07 13:44:51.984-05
Phegopteris connectilis,phégoptère du hêtre,espèce,504295,2018-11-07 13:44:51.984-05,2018-11-07 13:44:51.984-05
Pilea pumila,piléa nain,espèce,19130,2018-11-07 13:44:51.984-05,2018-11-07 13:44:51.984-05
Platanthera blephariglottis,platanthère à gorge frangée,espèce,43419,2018-11-07 13:44:51.984-05,2018-11-07 13:44:51.984-05
Cornus canadensis,quatre-temps,espèce,27816,2018-11-07 13:44:51.984-05,2018-11-07 13:44:51.984-05
Rhododendron canadense,rhododendron du canada,espèce,23711,2018-11-07 13:44:51.984-05,2018-11-07 13:44:51.984-05
Rhynchospora alba,rhynchospore blanc,espèce,40151,2018-11-07 13:44:51.984-05,2018-11-07 13:44:51.984-05
Rubus pubescens,ronce pubescente,espèce,25028,2018-11-07 13:44:51.984-05,2018-11-07 13:44:51.984-05
Sarracenia purpurea,sarracénie pourpre,espèce,21993,2018-11-07 13:44:51.984-05,2018-11-07 13:44:51.984-05
Salix pyrifolia,saule baumier,espèce,22575,2018-11-07 13:44:51.984-05,2018-11-07 13:44:51.984-05
Maianthemum racemosum,smilacine à grappes,espèce,503655,2018-11-07 13:44:51.984-05,2018-11-07 13:44:51.984-05
Maianthemum trifolium,smilacine trifoliée,espèce,503657,2018-11-07 13:44:51.984-05,2018-11-07 13:44:51.984-05
Spiraea alba,spirée à larges feuilles,espèce,25329,2018-11-07 13:44:51.984-05,2018-11-07 13:44:51.984-05
Spiraea tomentosa,spirée tomenteuse,espèce,25342,2018-11-07 13:44:51.984-05,2018-11-07 13:44:51.984-05
Streptopus amplexifolius,streptope à feuilles embrassantes,espèce,43044,2018-11-07 13:44:51.984-05,2018-11-07 13:44:51.984-05
Streptopus lanceolatus,streptope rose,espèce,507878,2018-11-07 13:44:51.984-05,2018-11-07 13:44:51.984-05
Sambucus racemosa,sureau rouge,espèce,35326,2018-11-07 13:44:51.984-05,2018-11-07 13:44:51.984-05
Rhododendron groenlandicum,thé du labrador,espèce,520050,2018-11-07 13:44:51.984-05,2018-11-07 13:44:51.984-05
Trichophorum cespitosum,trichophore cespiteux,espèce,508143,2018-11-07 13:44:51.984-05,2018-11-07 13:44:51.984-05
Trientalis borealis,trientale boréale,espèce,24053,2018-11-07 13:44:51.984-05,2018-11-07 13:44:51.984-05
Trillium erectum,trille rouge,espèce,43070,2018-11-07 13:44:51.984-05,2018-11-07 13:44:51.984-05
Viburnum lantanoides,viorne bois-d'orignal,espèce,35265,2018-11-07 13:44:51.984-05,2018-11-07 13:44:51.984-05
Viburnum nudum,viorne cassinoïde,espèce,35252,2018-11-07 13:44:51.984-05,2018-11-07 13:44:51.984-05
Achalarus lyciades,,espèce,706794,2018-11-07 13:44:51.984-05,2018-11-07 13:44:51.984-05
Agraulis vanillae,,espèce,777975,2018-11-07 13:44:51.984-05,2018-11-07 13:44:51.984-05
Agriades glandon,bleu arctique,espèce,778186,2018-11-07 13:44:51.984-05,2018-11-07 13:44:51.984-05
Amblyscirtes hegon,hespérie poivrée,espèce,706576,2018-11-07 13:44:51.984-05,2018-11-07 13:44:51.984-05
Amblyscirtes oslari,,espèce,706580,2018-11-07 13:44:51.984-05,2018-11-07 13:44:51.984-05
Amblyscirtes simius,,espèce,706583,2018-11-07 13:44:51.984-05,2018-11-07 13:44:51.984-05
Amblyscirtes vialis,hespérie violacée,espèce,706586,2018-11-07 13:44:51.984-05,2018-11-07 13:44:51.984-05
Anatrytone logan,hespérie à logan,espèce,707256,2018-11-07 13:44:51.984-05,2018-11-07 13:44:51.984-05
Ancyloxypha numitor,hespérie délicate,espèce,706668,2018-11-07 13:44:51.984-05,2018-11-07 13:44:51.984-05
Anthocharis sara,,espèce,777758,2018-11-07 13:44:51.984-05,2018-11-07 13:44:51.984-05
Anthocharis stella,,espèce,778526,2018-11-07 13:44:51.984-05,2018-11-07 13:44:51.984-05
Apodemia mormo,,espèce,201268,2018-11-07 13:44:51.984-05,2018-11-07 13:44:51.984-05
Ascia monuste,,espèce,777784,2018-11-07 13:44:51.984-05,2018-11-07 13:44:51.984-05
Asterocampa celtis,papillon du microcoulier,espèce,778004,2018-11-07 13:44:51.984-05,2018-11-07 13:44:51.984-05
Asterocampa clyton,,espèce,778006,2018-11-07 13:44:51.984-05,2018-11-07 13:44:51.984-05
Atalopedes campestris,sachem,espèce,706589,2018-11-07 13:44:51.984-05,2018-11-07 13:44:51.984-05
Atrytonopsis hianna,,espèce,706596,2018-11-07 13:44:51.984-05,2018-11-07 13:44:51.984-05
Battus philenor,,espèce,777692,2018-11-07 13:44:51.984-05,2018-11-07 13:44:51.984-05
Boloria alberta,,espèce,777987,2018-11-07 13:44:51.984-05,2018-11-07 13:44:51.984-05
Boloria astarte,,espèce,777988,2018-11-07 13:44:51.984-05,2018-11-07 13:44:51.984-05
Boloria bellona,boloria des prés,espèce,188580,2018-11-07 13:44:51.984-05,2018-11-07 13:44:51.984-05
Boloria epithore,,espèce,777986,2018-11-07 13:44:51.984-05,2018-11-07 13:44:51.984-05
Boloria eunomia,boloria des tourbières,espèce,188570,2018-11-07 13:44:51.984-05,2018-11-07 13:44:51.984-05
Boloria freija,boloria de freya,espèce,188575,2018-11-07 13:44:51.984-05,2018-11-07 13:44:51.984-05
Boloria frigga,boloria nordique,espèce,188577,2018-11-07 13:44:51.984-05,2018-11-07 13:44:51.984-05
Boloria improba,boloria terne,espèce,777984,2018-11-07 13:44:51.984-05,2018-11-07 13:44:51.984-05
Boloria napaea,,espèce,778194,2018-11-07 13:44:51.984-05,2018-11-07 13:44:51.984-05
Boloria natazhati,,espèce,777989,2018-11-07 13:44:51.984-05,2018-11-07 13:44:51.984-05
Boloria polaris,boloria polaire,espèce,188576,2018-11-07 13:44:51.984-05,2018-11-07 13:44:51.984-05
Boloria selene,boloria à taches argentées,espèce,188567,2018-11-07 13:44:51.984-05,2018-11-07 13:44:51.984-05
Callophrys affinis,,espèce,777837,2018-11-07 13:44:51.984-05,2018-11-07 13:44:51.984-05
Callophrys augustinus,lutin brun,espèce,188501,2018-11-07 13:44:51.984-05,2018-11-07 13:44:51.984-05
Callophrys barryi,,espèce,778747,2018-11-07 13:44:51.984-05,2018-11-07 13:44:51.984-05
Callophrys eryphon,lutin du pin gris,espèce,777854,2018-11-07 13:44:51.984-05,2018-11-07 13:44:51.984-05
Callophrys grynea,porte-queue vedâtre,espèce,777841,2018-11-07 13:44:51.984-05,2018-11-07 13:44:51.984-05
Callophrys henrici,lutin des bleuets,espèce,777852,2018-11-07 13:44:51.984-05,2018-11-07 13:44:51.984-05
Callophrys irus,lutin givré,espèce,777851,2018-11-07 13:44:51.984-05,2018-11-07 13:44:51.984-05
Callophrys johnsoni,,espèce,777848,2018-11-07 13:44:51.984-05,2018-11-07 13:44:51.984-05
Callophrys lanoraieensis,lutin des tourbières,espèce,777853,2018-11-07 13:44:51.984-05,2018-11-07 13:44:51.984-05
Callophrys mossii,,espèce,201261,2018-11-07 13:44:51.984-05,2018-11-07 13:44:51.984-05
Callophrys niphon,lutin des pins,espèce,188504,2018-11-07 13:44:51.984-05,2018-11-07 13:44:51.984-05
Callophrys polia,lutin grisâtre,espèce,777850,2018-11-07 13:44:51.984-05,2018-11-07 13:44:51.984-05
Callophrys rosneri,,espèce,778748,2018-11-07 13:44:51.984-05,2018-11-07 13:44:51.984-05
Callophrys sheridanii,,espèce,777839,2018-11-07 13:44:51.984-05,2018-11-07 13:44:51.984-05
Callophrys spinetorum,,espèce,777847,2018-11-07 13:44:51.984-05,2018-11-07 13:44:51.984-05
Calpodes ethlius,,espèce,117280,2018-11-07 13:44:51.984-05,2018-11-07 13:44:51.984-05
Calycopis cecrops,,espèce,777860,2018-11-07 13:44:51.984-05,2018-11-07 13:44:51.984-05
Carterocephalus palaemon,échiquier,espèce,188607,2018-11-07 13:44:51.984-05,2018-11-07 13:44:51.984-05
Celastrina ladon,azur printanier du nord,espèce,777893,2018-11-07 13:44:51.984-05,2018-11-07 13:44:51.984-05
Celastrina neglecta,asur estival,espèce,777896,2018-11-07 13:44:51.984-05,2018-11-07 13:44:51.984-05
Celastrina,,genre,188522,2018-11-07 13:44:51.984-05,2018-11-07 13:44:51.984-05
Cercyonis oetus,,espèce,778125,2018-11-07 13:44:51.984-05,2018-11-07 13:44:51.984-05
Cercyonis pegala,satyre des prés,espèce,778122,2018-11-07 13:44:51.984-05,2018-11-07 13:44:51.984-05
Cercyonis sthenele,,espèce,778124,2018-11-07 13:44:51.984-05,2018-11-07 13:44:51.984-05
Chlosyne acastus,,espèce,778076,2018-11-07 13:44:51.984-05,2018-11-07 13:44:51.984-05
Chlosyne damoetas,,espèce,778079,2018-11-07 13:44:51.984-05,2018-11-07 13:44:51.984-05
Chlosyne gorgone,damier gorgone,espèce,778071,2018-11-07 13:44:51.984-05,2018-11-07 13:44:51.984-05
Chlosyne harrisii,damier de harris,espèce,188582,2018-11-07 13:44:51.984-05,2018-11-07 13:44:51.984-05
Chlosyne hoffmanni,,espèce,778074,2018-11-07 13:44:51.984-05,2018-11-07 13:44:51.984-05
Chlosyne nycteis,damier argenté,espèce,778070,2018-11-07 13:44:51.984-05,2018-11-07 13:44:51.984-05
Chlosyne palla,,espèce,778078,2018-11-07 13:44:51.984-05,2018-11-07 13:44:51.984-05
Coenonympha nipisiquit,satyre fauve des maritimes,espèce,779475,2018-11-07 13:44:51.984-05,2018-11-07 13:44:51.984-05
Coenonympha tullia,satyre fauve,espèce,778111,2018-11-07 13:44:51.984-05,2018-11-07 13:44:51.984-05
Colias alexandra,,espèce,777737,2018-11-07 13:44:51.984-05,2018-11-07 13:44:51.984-05
Colias canadensis,,espèce,777741,2018-11-07 13:44:51.984-05,2018-11-07 13:44:51.984-05
Colias chippewa,,espèce,188534,2018-11-07 13:44:51.984-05,2018-11-07 13:44:51.984-05
Colias christina,,espèce,777736,2018-11-07 13:44:51.984-05,2018-11-07 13:44:51.984-05
Colias eurytheme,coliade de la luzerne,espèce,188528,2018-11-07 13:44:51.984-05,2018-11-07 13:44:51.984-05
Colias gigantea,,espèce,777744,2018-11-07 13:44:51.984-05,2018-11-07 13:44:51.984-05
Colias hecla,coliade orangé,espèce,188527,2018-11-07 13:44:51.984-05,2018-11-07 13:44:51.984-05
Colias interior,coliade intérieur,espèce,188530,2018-11-07 13:44:51.984-05,2018-11-07 13:44:51.984-05
Colias johanseni,,espèce,777740,2018-11-07 13:44:51.984-05,2018-11-07 13:44:51.984-05
Colias meadii,,espèce,777739,2018-11-07 13:44:51.984-05,2018-11-07 13:44:51.984-05
Colias nastes,coliade verdâtre,espèce,188535,2018-11-07 13:44:51.984-05,2018-11-07 13:44:51.984-05
Colias occidentalis,,espèce,777735,2018-11-07 13:44:51.984-05,2018-11-07 13:44:51.984-05
Colias pelidne,coliade commun du nord,espèce,188531,2018-11-07 13:44:51.984-05,2018-11-07 13:44:51.984-05
Colias philodice,coliade du trèfle,espèce,188529,2018-11-07 13:44:51.984-05,2018-11-07 13:44:51.984-05
Colias tyche,coliade de booth,espèce,777742,2018-11-07 13:44:51.984-05,2018-11-07 13:44:51.984-05
Danaus plexippus,monarque,espèce,117273,2018-11-07 13:44:51.984-05,2018-11-07 13:44:51.984-05
Enodia anthedon,satyre perlé,espèce,778207,2018-11-07 13:44:51.984-05,2018-11-07 13:44:51.984-05
Epargyreus clarus,hespérie à taches argentées,espèce,117282,2018-11-07 13:44:51.984-05,2018-11-07 13:44:51.984-05
Erebia anyuica,,espèce,778138,2018-11-07 13:44:51.984-05,2018-11-07 13:44:51.984-05
Erebia disa,,espèce,188563,2018-11-07 13:44:51.984-05,2018-11-07 13:44:51.984-05
Erebia discoidalis,alpin à disque rouge,espèce,778134,2018-11-07 13:44:51.984-05,2018-11-07 13:44:51.984-05
Erebia epipsodea,alpin commun,espèce,778133,2018-11-07 13:44:51.984-05,2018-11-07 13:44:51.984-05
Erebia fasciata,,espèce,778132,2018-11-07 13:44:51.984-05,2018-11-07 13:44:51.984-05
Erebia lafontainei,,espèce,778137,2018-11-07 13:44:51.984-05,2018-11-07 13:44:51.984-05
Erebia mackinleyensis,,espèce,778131,2018-11-07 13:44:51.984-05,2018-11-07 13:44:51.984-05
Erebia magdalena,,espèce,778130,2018-11-07 13:44:51.984-05,2018-11-07 13:44:51.984-05
Erebia mancinus,alpin à ocelles rouges,espèce,778129,2018-11-07 13:44:51.984-05,2018-11-07 13:44:51.984-05
Erebia pawlowskii,,espèce,778148,2018-11-07 13:44:51.984-05,2018-11-07 13:44:51.984-05
Erebia rossii,alpin de ross,espèce,778128,2018-11-07 13:44:51.984-05,2018-11-07 13:44:51.984-05
Erebia vidleri,,espèce,778127,2018-11-07 13:44:51.984-05,2018-11-07 13:44:51.984-05
Erebia youngi,,espèce,778136,2018-11-07 13:44:51.984-05,2018-11-07 13:44:51.984-05
Erora laeta,lutin mystérieux,espèce,777882,2018-11-07 13:44:51.984-05,2018-11-07 13:44:51.984-05
Erynnis afranius,,espèce,706738,2018-11-07 13:44:51.984-05,2018-11-07 13:44:51.984-05
Erynnis baptisiae,,espèce,706739,2018-11-07 13:44:51.984-05,2018-11-07 13:44:51.984-05
Erynnis brizo,,espèce,706740,2018-11-07 13:44:51.984-05,2018-11-07 13:44:51.984-05
Erynnis funeralis,,espèce,706741,2018-11-07 13:44:51.984-05,2018-11-07 13:44:51.984-05
Erynnis horatius,,espèce,706742,2018-11-07 13:44:51.984-05,2018-11-07 13:44:51.984-05
Erynnis icelus,hespérie givrée,espèce,706743,2018-11-07 13:44:51.984-05,2018-11-07 13:44:51.984-05
Erynnis juvenalis,hespérie du chêne,espèce,706744,2018-11-07 13:44:51.984-05,2018-11-07 13:44:51.984-05
Erynnis lucilius,hespérie de l'ancolie,espèce,706745,2018-11-07 13:44:51.984-05,2018-11-07 13:44:51.984-05
Erynnis martialis,hespérie tachetée,espèce,706746,2018-11-07 13:44:51.984-05,2018-11-07 13:44:51.984-05
Erynnis pacuvius,,espèce,706748,2018-11-07 13:44:51.984-05,2018-11-07 13:44:51.984-05
Erynnis persius,hespérie persius,espèce,706749,2018-11-07 13:44:51.984-05,2018-11-07 13:44:51.984-05
Erynnis propertius,,espèce,706750,2018-11-07 13:44:51.984-05,2018-11-07 13:44:51.984-05
Erynnis zarucco,,espèce,706754,2018-11-07 13:44:51.984-05,2018-11-07 13:44:51.984-05
Euchloe ausonides,,espèce,777761,2018-11-07 13:44:51.984-05,2018-11-07 13:44:51.984-05
Euchloe creusa,,espèce,777764,2018-11-07 13:44:51.984-05,2018-11-07 13:44:51.984-05
Euchloe lotta,,espèce,777766,2018-11-07 13:44:51.984-05,2018-11-07 13:44:51.984-05
Euchloe naina,,espèce,777762,2018-11-07 13:44:51.984-05,2018-11-07 13:44:51.984-05
Euchloe olympia,olympe,espèce,777763,2018-11-07 13:44:51.984-05,2018-11-07 13:44:51.984-05
Euphilotes ancilla,,espèce,777912,2018-11-07 13:44:51.984-05,2018-11-07 13:44:51.984-05
Euphilotes battoides,,espèce,117238,2018-11-07 13:44:51.984-05,2018-11-07 13:44:51.984-05
Euphydryas chalcedona,,espèce,778054,2018-11-07 13:44:51.984-05,2018-11-07 13:44:51.984-05
Euphydryas editha,,espèce,201290,2018-11-07 13:44:51.984-05,2018-11-07 13:44:51.984-05
Euphydryas gillettii,,espèce,778053,2018-11-07 13:44:51.984-05,2018-11-07 13:44:51.984-05
Euphydryas phaeton,baltimore,espèce,778057,2018-11-07 13:44:51.984-05,2018-11-07 13:44:51.984-05
Euphyes bimacula,hespérie des marais,espèce,706608,2018-11-07 13:44:51.984-05,2018-11-07 13:44:51.984-05
Euphyes conspicua,,espèce,777684,2018-11-07 13:44:51.984-05,2018-11-07 13:44:51.984-05
Euphyes dion,hespérie de dioné,espèce,706610,2018-11-07 13:44:51.984-05,2018-11-07 13:44:51.984-05
Euphyes dukesi,,espèce,706611,2018-11-07 13:44:51.984-05,2018-11-07 13:44:51.984-05
Euphyes vestris,hespérie rurale,espèce,706613,2018-11-07 13:44:51.984-05,2018-11-07 13:44:51.984-05
Euptoieta claudia,fritillaire panachée,espèce,777981,2018-11-07 13:44:51.984-05,2018-11-07 13:44:51.984-05
Euptoieta hegesia,,espèce,777982,2018-11-07 13:44:51.984-05,2018-11-07 13:44:51.984-05
Eurema lisa,petit coliade,espèce,778214,2018-11-07 13:44:51.984-05,2018-11-07 13:44:51.984-05
Eurema mexicana,,espèce,777726,2018-11-07 13:44:51.984-05,2018-11-07 13:44:51.984-05
Eurema nicippe,piéride orangée,espèce,778216,2018-11-07 13:44:51.984-05,2018-11-07 13:44:51.984-05
Eurytides marcellus,,espèce,777694,2018-11-07 13:44:51.984-05,2018-11-07 13:44:51.984-05
Everes amyntula,bleu porte-queue de l'ouest,espèce,778219,2018-11-07 13:44:51.984-05,2018-11-07 13:44:51.984-05
Everes comyntas,bleu porte-queue de l'est,espèce,778220,2018-11-07 13:44:51.984-05,2018-11-07 13:44:51.984-05
Feniseca tarquinius,,espèce,777787,2018-11-07 13:44:51.984-05,2018-11-07 13:44:51.984-05
Fixsenia favonius,,espèce,777826,2018-11-07 13:44:51.984-05,2018-11-07 13:44:51.984-05
Glaucopsyche lygdamus,bleu argenté,espèce,188519,2018-11-07 13:44:51.984-05,2018-11-07 13:44:51.984-05
Glaucopsyche piasus,,espèce,777916,2018-11-07 13:44:51.984-05,2018-11-07 13:44:51.984-05
Hemiargus isola,,espèce,778224,2018-11-07 13:44:51.984-05,2018-11-07 13:44:51.984-05
Hesperia assiniboia,,espèce,706614,2018-11-07 13:44:51.984-05,2018-11-07 13:44:51.984-05
Hesperia colorado,,espèce,706616,2018-11-07 13:44:51.984-05,2018-11-07 13:44:51.984-05
Hesperia comma,hespérie laurentienne et hespérie boréale,espèce,188611,2018-11-07 13:44:51.984-05,2018-11-07 13:44:51.984-05
Hesperia dacotae,,espèce,706618,2018-11-07 13:44:51.984-05,2018-11-07 13:44:51.984-05
Hesperia juba,,espèce,706619,2018-11-07 13:44:51.984-05,2018-11-07 13:44:51.984-05
Hesperia leonardus,hespérie de léonard,espèce,706620,2018-11-07 13:44:51.984-05,2018-11-07 13:44:51.984-05
Hesperia nevada,,espèce,706625,2018-11-07 13:44:51.984-05,2018-11-07 13:44:51.984-05
Hesperia ottoe,,espèce,706626,2018-11-07 13:44:51.984-05,2018-11-07 13:44:51.984-05
Hesperia pahaska,,espèce,706627,2018-11-07 13:44:51.984-05,2018-11-07 13:44:51.984-05
Hesperia sassacus,hespérie indienne,espèce,706628,2018-11-07 13:44:51.984-05,2018-11-07 13:44:51.984-05
Hesperia uncas,,espèce,706629,2018-11-07 13:44:51.984-05,2018-11-07 13:44:51.984-05
Hylephila phyleus,,espèce,117286,2018-11-07 13:44:51.984-05,2018-11-07 13:44:51.984-05
Icaricia icarioides,,espèce,117245,2018-11-07 13:44:51.984-05,2018-11-07 13:44:51.984-05
Icaricia lupini,,espèce,777929,2018-11-07 13:44:51.984-05,2018-11-07 13:44:51.984-05
Icaricia shasta,,espèce,777927,2018-11-07 13:44:51.984-05,2018-11-07 13:44:51.984-05
Junonia coenia,papillon ocellé,espèce,778049,2018-11-07 13:44:51.984-05,2018-11-07 13:44:51.984-05
Leptotes marina,,espèce,777885,2018-11-07 13:44:51.984-05,2018-11-07 13:44:51.984-05
Lerema accius,,espèce,706680,2018-11-07 13:44:51.984-05,2018-11-07 13:44:51.984-05
Libytheana carinenta,papillon longs-palpes,espèce,777961,2018-11-07 13:44:51.984-05,2018-11-07 13:44:51.984-05
Limenitis archippus,vice-roi,espèce,777969,2018-11-07 13:44:51.984-05,2018-11-07 13:44:51.984-05
Limenitis arthemis,amiral,espèce,188603,2018-11-07 13:44:51.984-05,2018-11-07 13:44:51.984-05
Limenitis lorquini,,espèce,777968,2018-11-07 13:44:51.984-05,2018-11-07 13:44:51.984-05
Limenitis weidemeyerii,,espèce,777967,2018-11-07 13:44:51.984-05,2018-11-07 13:44:51.984-05
Lycaeides idas,bleu nordique,espèce,778226,2018-11-07 13:44:51.984-05,2018-11-07 13:44:51.984-05
Lycaeides melissa,bleu mélissa,espèce,778227,2018-11-07 13:44:51.984-05,2018-11-07 13:44:51.984-05
Lycaena cuprea,,espèce,777789,2018-11-07 13:44:51.984-05,2018-11-07 13:44:51.984-05
Lycaena dione,,espèce,777792,2018-11-07 13:44:51.984-05,2018-11-07 13:44:51.984-05
Lycaena dorcas,cuivré de la potentille,espèce,188508,2018-11-07 13:44:51.984-05,2018-11-07 13:44:51.984-05
Lycaena dospassosi,cuivré des marais salés,espèce,777799,2018-11-07 13:44:51.984-05,2018-11-07 13:44:51.984-05
Lycaena epixanthe,cuivré des tourbières,espèce,188509,2018-11-07 13:44:51.984-05,2018-11-07 13:44:51.984-05
Lycaena helloides,cuivré mauve,espèce,777800,2018-11-07 13:44:51.984-05,2018-11-07 13:44:51.984-05
Lycaena heteronea,,espèce,777797,2018-11-07 13:44:51.984-05,2018-11-07 13:44:51.984-05
Lycaena hyllus,bronzé,espèce,777798,2018-11-07 13:44:51.984-05,2018-11-07 13:44:51.984-05
Lycaena mariposa,,espèce,777802,2018-11-07 13:44:51.984-05,2018-11-07 13:44:51.984-05
Lycaena nivalis,,espèce,777801,2018-11-07 13:44:51.984-05,2018-11-07 13:44:51.984-05
Lycaena phlaeas,cuivré d'amérique,espèce,777788,2018-11-07 13:44:51.984-05,2018-11-07 13:44:51.984-05
Lycaena rubida,,espèce,777796,2018-11-07 13:44:51.984-05,2018-11-07 13:44:51.984-05
Megisto cymela,petit satyre des bois,espèce,778120,2018-11-07 13:44:51.984-05,2018-11-07 13:44:51.984-05
Nathalis iole,,espèce,777723,2018-11-07 13:44:51.984-05,2018-11-07 13:44:51.984-05
Neominois ridingsii,,espèce,778140,2018-11-07 13:44:51.984-05,2018-11-07 13:44:51.984-05
Neophasia menapia,,espèce,777770,2018-11-07 13:44:51.984-05,2018-11-07 13:44:51.984-05
Nymphalis antiopa,morio,espèce,188597,2018-11-07 13:44:51.984-05,2018-11-07 13:44:51.984-05
Nymphalis californica,,espèce,778040,2018-11-07 13:44:51.984-05,2018-11-07 13:44:51.984-05
Nymphalis milberti,petite vanesse,espèce,188594,2018-11-07 13:44:51.984-05,2018-11-07 13:44:51.984-05
Nymphalis vaualbum,grande vanesse,espèce,188593,2018-11-07 13:44:51.984-05,2018-11-07 13:44:51.984-05
Oarisma garita,,espèce,706687,2018-11-07 13:44:51.984-05,2018-11-07 13:44:51.984-05
Oarisma poweshiek,,espèce,706688,2018-11-07 13:44:51.984-05,2018-11-07 13:44:51.984-05
Ochlodes sylvanoides,,espèce,706633,2018-11-07 13:44:51.984-05,2018-11-07 13:44:51.984-05
Oeneis alberta,,espèce,778144,2018-11-07 13:44:51.984-05,2018-11-07 13:44:51.984-05
Oeneis alpina,,espèce,778142,2018-11-07 13:44:51.984-05,2018-11-07 13:44:51.984-05
Oeneis bore,nordique à nervures blanches,espèce,778143,2018-11-07 13:44:51.984-05,2018-11-07 13:44:51.984-05
Oeneis chryxus,nordique orangé,espèce,188555,2018-11-07 13:44:51.984-05,2018-11-07 13:44:51.984-05
Oeneis jutta,nordique des tourbières,espèce,188557,2018-11-07 13:44:51.984-05,2018-11-07 13:44:51.984-05
Oeneis macounii,nordique de macoun,espèce,778146,2018-11-07 13:44:51.984-05,2018-11-07 13:44:51.984-05
Oeneis melissa,nordique mélissa,espèce,188561,2018-11-07 13:44:51.984-05,2018-11-07 13:44:51.984-05
Oeneis nevadensis,,espèce,778145,2018-11-07 13:44:51.984-05,2018-11-07 13:44:51.984-05
Oeneis polixenes,nordique alpin,espèce,188560,2018-11-07 13:44:51.984-05,2018-11-07 13:44:51.984-05
Oeneis rosovi,,espèce,778234,2018-11-07 13:44:51.984-05,2018-11-07 13:44:51.984-05
Oeneis uhleri,,espèce,778147,2018-11-07 13:44:51.984-05,2018-11-07 13:44:51.984-05
Panoquina ocola,,espèce,706561,2018-11-07 13:44:51.984-05,2018-11-07 13:44:51.984-05
Papilio brevicauda,papillon queue-courte,espèce,188546,2018-11-07 13:44:51.984-05,2018-11-07 13:44:51.984-05
Papilio canadensis,papillon tigré du canada,espèce,777710,2018-11-07 13:44:51.984-05,2018-11-07 13:44:51.984-05
Papilio cresphontes,grand porte-queue,espèce,777702,2018-11-07 13:44:51.984-05,2018-11-07 13:44:51.984-05
Papilio eurymedon,,espèce,777714,2018-11-07 13:44:51.984-05,2018-11-07 13:44:51.984-05
Papilio glaucus,,espèce,188547,2018-11-07 13:44:51.984-05,2018-11-07 13:44:51.984-05
Papilio indra,,espèce,777699,2018-11-07 13:44:51.984-05,2018-11-07 13:44:51.984-05
Papilio machaon,machaon,espèce,777696,2018-11-07 13:44:51.984-05,2018-11-07 13:44:51.984-05
Papilio multicaudatus,,espèce,777715,2018-11-07 13:44:51.984-05,2018-11-07 13:44:51.984-05
Papilio polyxenes,papillon du céleri,espèce,188543,2018-11-07 13:44:51.984-05,2018-11-07 13:44:51.984-05
Papilio rutulus,,espèce,777713,2018-11-07 13:44:51.984-05,2018-11-07 13:44:51.984-05
Papilio troilus,,espèce,777719,2018-11-07 13:44:51.984-05,2018-11-07 13:44:51.984-05
Papilio zelicaon,,espèce,777698,2018-11-07 13:44:51.984-05,2018-11-07 13:44:51.984-05
Parnassius clodius,,espèce,777686,2018-11-07 13:44:51.984-05,2018-11-07 13:44:51.984-05
Parnassius eversmanni,,espèce,777685,2018-11-07 13:44:51.984-05,2018-11-07 13:44:51.984-05
Parnassius phoebus,,espèce,777687,2018-11-07 13:44:51.984-05,2018-11-07 13:44:51.984-05
Parnassius smintheus,,espèce,777689,2018-11-07 13:44:51.984-05,2018-11-07 13:44:51.984-05
Parrhasius m,album,espèce,777880,2018-11-07 13:44:51.984-05,2018-11-07 13:44:51.984-05
Phoebis philea,,espèce,777753,2018-11-07 13:44:51.984-05,2018-11-07 13:44:51.984-05
Phoebis sennae,,espèce,777750,2018-11-07 13:44:51.984-05,2018-11-07 13:44:51.984-05
Pholisora catullus,hespérie fuligineuse,espèce,706772,2018-11-07 13:44:51.984-05,2018-11-07 13:44:51.984-05
Phyciodes batesii,croissant fauve,espèce,778096,2018-11-07 13:44:51.984-05,2018-11-07 13:44:51.984-05
Phyciodes cocyta,croissant nordique,espèce,778095,2018-11-07 13:44:51.984-05,2018-11-07 13:44:51.984-05
Phyciodes mylitta,,espèce,778093,2018-11-07 13:44:51.984-05,2018-11-07 13:44:51.984-05
Phyciodes pallidus,,espèce,778092,2018-11-07 13:44:51.984-05,2018-11-07 13:44:51.984-05
Phyciodes pratensis,,espèce,779453,2018-11-07 13:44:51.984-05,2018-11-07 13:44:51.984-05
Phyciodes tharos,croissant perlé,espèce,188584,2018-11-07 13:44:51.984-05,2018-11-07 13:44:51.984-05
Pieris angelika,,espèce,777776,2018-11-07 13:44:51.984-05,2018-11-07 13:44:51.984-05
Pieris marginalis,,espèce,777777,2018-11-07 13:44:51.984-05,2018-11-07 13:44:51.984-05
Pieris oleracea,piéride des crucifères,espèce,777778,2018-11-07 13:44:51.984-05,2018-11-07 13:44:51.984-05
Pieris rapae,piéride du chou,espèce,188541,2018-11-07 13:44:51.984-05,2018-11-07 13:44:51.984-05
Pieris virginiensis,piéride de virginie,espèce,777779,2018-11-07 13:44:51.984-05,2018-11-07 13:44:51.984-05
Plebejus saepiolus,,espèce,777924,2018-11-07 13:44:51.984-05,2018-11-07 13:44:51.984-05
Poanes hobomok,hespérie hobomok,espèce,706637,2018-11-07 13:44:51.984-05,2018-11-07 13:44:51.984-05
Poanes massasoit,hespérie des roseaux,espèce,706638,2018-11-07 13:44:51.984-05,2018-11-07 13:44:51.984-05
Poanes viator,hespérie voyageuse,espèce,706641,2018-11-07 13:44:51.984-05,2018-11-07 13:44:51.984-05
Poanes zabulon,hespérie de zabulon,espèce,706643,2018-11-07 13:44:51.984-05,2018-11-07 13:44:51.984-05
Polites draco,,espèce,706646,2018-11-07 13:44:51.984-05,2018-11-07 13:44:51.984-05
Polites mystic,hespérie mystique,espèce,706648,2018-11-07 13:44:51.984-05,2018-11-07 13:44:51.984-05
Polites origenes,hespérie à ligne oblique,espèce,706649,2018-11-07 13:44:51.984-05,2018-11-07 13:44:51.984-05
Polites peckius,hespérie de peck,espèce,706650,2018-11-07 13:44:51.984-05,2018-11-07 13:44:51.984-05
Polites rhesus,,espèce,706651,2018-11-07 13:44:51.984-05,2018-11-07 13:44:51.984-05
Polites sabuleti,,espèce,706652,2018-11-07 13:44:51.984-05,2018-11-07 13:44:51.984-05
Polites sonora,,espèce,706653,2018-11-07 13:44:51.984-05,2018-11-07 13:44:51.984-05
Polites themistocles,hespérie à tache costale,espèce,706655,2018-11-07 13:44:51.984-05,2018-11-07 13:44:51.984-05
Polites vibex,,espèce,706656,2018-11-07 13:44:51.984-05,2018-11-07 13:44:51.984-05
Polygonia comma,polygone virgule,espèce,778042,2018-11-07 13:44:51.984-05,2018-11-07 13:44:51.984-05
Polygonia faunus,polygone à taches vertes,espèce,188589,2018-11-07 13:44:51.984-05,2018-11-07 13:44:51.984-05
Polygonia gracilis,polygone gracile,espèce,188590,2018-11-07 13:44:51.984-05,2018-11-07 13:44:51.984-05
Polygonia interrogationis,polygone à queue violacée,espèce,778041,2018-11-07 13:44:51.984-05,2018-11-07 13:44:51.984-05
Polygonia oreas,,espèce,778043,2018-11-07 13:44:51.984-05,2018-11-07 13:44:51.984-05
Polygonia progne,polygone gris,espèce,188591,2018-11-07 13:44:51.984-05,2018-11-07 13:44:51.984-05
Polygonia satyrus,polygone satyre,espèce,188588,2018-11-07 13:44:51.984-05,2018-11-07 13:44:51.984-05
Pompeius verna,hespérie à taches vitreuses,espèce,706657,2018-11-07 13:44:51.984-05,2018-11-07 13:44:51.984-05
Pontia beckerii,,espèce,777780,2018-11-07 13:44:51.984-05,2018-11-07 13:44:51.984-05
Pontia occidentalis,,espèce,777782,2018-11-07 13:44:51.984-05,2018-11-07 13:44:51.984-05
Pontia protodice,piéride damier,espèce,777781,2018-11-07 13:44:51.984-05,2018-11-07 13:44:51.984-05
Pontia sisymbrii,,espèce,777783,2018-11-07 13:44:51.984-05,2018-11-07 13:44:51.984-05
Pyrgus centaureae,hespérie grisâtre,espèce,188605,2018-11-07 13:44:51.984-05,2018-11-07 13:44:51.984-05
Pyrgus communis,,espèce,706775,2018-11-07 13:44:51.984-05,2018-11-07 13:44:51.984-05
Pyrgus ruralis,,espèce,706778,2018-11-07 13:44:51.984-05,2018-11-07 13:44:51.984-05
Pyrgus scriptura,,espèce,706779,2018-11-07 13:44:51.984-05,2018-11-07 13:44:51.984-05
Satyrium acadicum,porte-queue d'acadie,espèce,777814,2018-11-07 13:44:51.984-05,2018-11-07 13:44:51.984-05
Satyrium behrii,,espèce,777813,2018-11-07 13:44:51.984-05,2018-11-07 13:44:51.984-05
Satyrium calanus,porte-queue du chêne,espèce,777819,2018-11-07 13:44:51.984-05,2018-11-07 13:44:51.984-05
Satyrium californicum,,espèce,777815,2018-11-07 13:44:51.984-05,2018-11-07 13:44:51.984-05
Satyrium caryaevorum,porte-queue du caryer,espèce,778252,2018-11-07 13:44:51.984-05,2018-11-07 13:44:51.984-05
Satyrium edwardsii,porte-queue d'edwards,espèce,777818,2018-11-07 13:44:51.984-05,2018-11-07 13:44:51.984-05
Satyrium fuliginosum,,espèce,777811,2018-11-07 13:44:51.984-05,2018-11-07 13:44:51.984-05
Satyrium liparops,porte-queue à bandes brisées,espèce,777822,2018-11-07 13:44:51.984-05,2018-11-07 13:44:51.984-05
Satyrium saepium,,espèce,777825,2018-11-07 13:44:51.984-05,2018-11-07 13:44:51.984-05
Satyrium sylvinum,,espèce,777816,2018-11-07 13:44:51.984-05,2018-11-07 13:44:51.984-05
Satyrium titus,porte-queue abrogé,espèce,777817,2018-11-07 13:44:51.984-05,2018-11-07 13:44:51.984-05
Satyrodes appalachia,satyre des appalaches,espèce,778253,2018-11-07 13:44:51.984-05,2018-11-07 13:44:51.984-05
Satyrodes eurydice,satyre ocellé,espèce,778254,2018-11-07 13:44:51.984-05,2018-11-07 13:44:51.984-05
Speyeria aphrodite,argynne aphrodite,espèce,777992,2018-11-07 13:44:51.984-05,2018-11-07 13:44:51.984-05
Speyeria atlantis,argynne de l'atlantique,espèce,188565,2018-11-07 13:44:51.984-05,2018-11-07 13:44:51.984-05
Speyeria callippe,,espèce,777998,2018-11-07 13:44:51.984-05,2018-11-07 13:44:51.984-05
Speyeria coronis,,espèce,777996,2018-11-07 13:44:51.984-05,2018-11-07 13:44:51.984-05
Speyeria cybele,argynne cybèle,espèce,777991,2018-11-07 13:44:51.984-05,2018-11-07 13:44:51.984-05
Speyeria edwardsii,,espèce,777995,2018-11-07 13:44:51.984-05,2018-11-07 13:44:51.984-05
Speyeria hesperis,,espèce,778001,2018-11-07 13:44:51.984-05,2018-11-07 13:44:51.984-05
Speyeria hydaspe,,espèce,778002,2018-11-07 13:44:51.984-05,2018-11-07 13:44:51.984-05
Speyeria idalia,,espèce,777993,2018-11-07 13:44:51.984-05,2018-11-07 13:44:51.984-05
Speyeria mormonia,,espèce,778003,2018-11-07 13:44:51.984-05,2018-11-07 13:44:51.984-05
Speyeria zerene,,espèce,201285,2018-11-07 13:44:51.984-05,2018-11-07 13:44:51.984-05
Staphylus hayhurstii,,espèce,706785,2018-11-07 13:44:51.984-05,2018-11-07 13:44:51.984-05
Strymon melinus,porte-queue gris,espèce,117263,2018-11-07 13:44:51.984-05,2018-11-07 13:44:51.984-05
Thorybes bathyllus,,espèce,706829,2018-11-07 13:44:51.984-05,2018-11-07 13:44:51.984-05
Thorybes pylades,hespérie nuageuse,espèce,706834,2018-11-07 13:44:51.984-05,2018-11-07 13:44:51.984-05
Thymelicus lineola,hespérie des graminées,espèce,188609,2018-11-07 13:44:51.984-05,2018-11-07 13:44:51.984-05
Urbanus proteus,,espèce,117290,2018-11-07 13:44:51.984-05,2018-11-07 13:44:51.984-05
Vacciniina optilete,,espèce,778259,2018-11-07 13:44:51.984-05,2018-11-07 13:44:51.984-05
Vanessa annabella,,espèce,778036,2018-11-07 13:44:51.984-05,2018-11-07 13:44:51.984-05
Vanessa atalanta,vulcain,espèce,188599,2018-11-07 13:44:51.984-05,2018-11-07 13:44:51.984-05
Vanessa cardui,belle dame,espèce,188601,2018-11-07 13:44:51.984-05,2018-11-07 13:44:51.984-05
Vanessa virginiensis,vanesse de virginie,espèce,188600,2018-11-07 13:44:51.984-05,2018-11-07 13:44:51.984-05
Wallengrenia egeremet,hespérie verdâtre,espèce,706664,2018-11-07 13:44:51.984-05,2018-11-07 13:44:51.984-05
Zerene cesonia,,espèce,777746,2018-11-07 13:44:51.984-05,2018-11-07 13:44:51.984-05
Lepus americanus,lièvre d’amérique,espèce,180112,2018-11-07 13:44:51.984-05,2018-11-07 13:44:51.984-05
Ursus americanus,ours noir,espèce,180544,2018-11-07 13:44:51.984-05,2018-11-07 13:44:51.984-05
Erethizon dorsatus,porc-épic d’amérique,espèce,825295,2018-11-07 13:44:51.984-05,2018-11-07 13:44:51.984-05
Alces alces,orignal,espèce,180703,2018-11-07 13:44:51.984-05,2018-11-07 13:44:51.984-05
Odocoileus virginianus,cerf de virginie,espèce,180699,2018-11-07 13:44:51.984-05,2018-11-07 13:44:51.984-05
Eriophorum virginicum,linaigrette de virginie,espèce,40105,2018-11-07 13:44:51.984-05,2018-11-07 13:44:51.984-05
Sphagnum rubellum,sphaigne rouge,,548213,2018-11-07 13:44:51.984-05,2018-11-07 13:44:51.984-05
sphaigne verte,sphaigne verte,,,2018-11-07 13:44:51.984-05,2018-11-07 13:44:51.984-05
Onoclea sensibilis,onoclée sensible,espèce,17637,2018-11-07 13:44:51.984-05,2018-11-07 13:44:51.984-05
Lycopus uniflorus,lycope à une fleur,espèce,32257,2018-11-07 13:44:51.984-05,2018-11-07 13:44:51.984-05
Typha angustifolia,typha à feuilles étroites,espèce,42325,2018-11-07 13:44:51.984-05,2018-11-07 13:44:51.984-05
Juncus brevicaudatus,jonc brévicaude,espèce,39253,2018-11-07 13:44:51.984-05,2018-11-07 13:44:51.984-05
Galium palustre,gaillet palustre,espèce,34903,2018-11-07 13:44:51.984-05,2018-11-07 13:44:51.984-05
Carex echinata,carex étoilé,espèce,39582,2018-11-07 13:44:51.984-05,2018-11-07 13:44:51.984-05
pellie sp.,pellie sp.,,,2018-11-07 13:44:51.984-05,2018-11-07 13:44:51.984-05
Viburnum opulus,viorne trilobée,espèce,35270,2018-11-07 13:44:51.984-05,2018-11-07 13:44:51.984-05
Geum macrophyllum,benoîte à grandes feuilles,espèce,24654,2018-11-07 13:44:51.984-05,2018-11-07 13:44:51.984-05
Thalictrum pubescens,pigamon pubescent,espèce,18678,2018-11-07 13:44:51.984-05,2018-11-07 13:44:51.984-05
Anemonastrum canadense,anémone du canada,espèce,18436,2018-11-07 13:44:51.984-05,2018-11-07 13:44:51.984-05
Caltha palustris,populage des marais,espèce,18454,2018-11-07 13:44:51.984-05,2018-11-07 13:44:51.984-05
Impatiens capensis,impatiente du cap,espèce,29182,2018-11-07 13:44:51.984-05,2018-11-07 13:44:51.984-05
Lycopus americanus,lycope d'amérique,espèce,32254,2018-11-07 13:44:51.984-05,2018-11-07 13:44:51.984-05
Equisetum palustre,prêle des marais,espèce,17153,2018-11-07 13:44:51.984-05,2018-11-07 13:44:51.984-05
Carex intumescens,carex gonflé,espèce,39403,2018-11-07 13:44:51.984-05,2018-11-07 13:44:51.984-05
Eutrochium maculatum,eupatoire maculée,espèce,780333,2018-11-07 13:44:51.984-05,2018-11-07 13:44:51.984-05
Sanguisorba canadensis,sanguisorbe du canada,espèce,25301,2018-11-07 13:44:51.984-05,2018-11-07 13:44:51.984-05
Cardamine pensylvanica,cardamine de pennsylvanie,espèce,22772,2018-11-07 13:44:51.984-05,2018-11-07 13:44:51.984-05
Myosotis laxa,myosotis laxiflore,espèce,31691,2018-11-07 13:44:51.984-05,2018-11-07 13:44:51.984-05
Solanum dulcamara,morelle douce-amère,espèce,30414,2018-11-07 13:44:51.984-05,2018-11-07 13:44:51.984-05
Clematis virginiana,clématite de virginie,espèce,18716,2018-11-07 13:44:51.984-05,2018-11-07 13:44:51.984-05
Iris pseudacorus,iris faux-acore,espèce,43194,2018-11-07 13:44:51.984-05,2018-11-07 13:44:51.984-05
Salix eriocephala,saule à tête laineuse,espèce,22528,2018-11-07 13:44:51.984-05,2018-11-07 13:44:51.984-05
Betula pumila,bouleau nain,espèce,183525,2018-11-07 13:44:51.984-05,2018-11-07 13:44:51.984-05
Calopogon tuberosus,calopogon tubéreux,espèce,43506,2018-11-07 13:44:51.984-05,2018-11-07 13:44:51.984-05
Pogonia ophioglossoides,pogonie langue-de-serpent,espèce,43441,2018-11-07 13:44:51.984-05,2018-11-07 13:44:51.984-05
Eriophorum angustifolium,linaigrette à feuilles étroites,espèce,40080,2018-11-07 13:44:51.984-05,2018-11-07 13:44:51.984-05
Carex crinita,carex crépu,espèce,39388,2018-11-07 13:44:51.984-05,2018-11-07 13:44:51.984-05
Scirpus atrocinctus,scirpe à ceinture noire,espèce,40243,2018-11-07 13:44:51.984-05,2018-11-07 13:44:51.984-05
Glyceria canadensis,glycérie du canada,espèce,798450,2018-11-07 13:44:51.984-05,2018-11-07 13:44:51.984-05
Carex stipata,carex stipité,espèce,527159,2018-11-07 13:44:51.984-05,2018-11-07 13:44:51.984-05
Juncus effusus,jonc épars,espèce,39232,2018-11-07 13:44:51.984-05,2018-11-07 13:44:51.984-05
Potentilla norvegica,potentille de norvège,espèce,24730,2018-11-07 13:44:51.984-05,2018-11-07 13:44:51.984-05
Viola,violette sp.,genre,22030,2018-11-07 13:44:51.984-05,2018-11-07 13:44:51.984-05
Thelypteris palustris,thélyptère des marais,espèce,17251,2018-11-07 13:44:51.984-05,2018-11-07 13:44:51.984-05
Carex pauciflora,carex pauciflore,espèce,39743,2018-11-07 13:44:51.984-05,2018-11-07 13:44:51.984-05
Salix nigra,saule noir,espèce,22484,2018-11-07 13:44:51.984-05,2018-11-07 13:44:51.984-05
Vicia cracca,vesce jargeau,espèce,26335,2018-11-07 13:44:51.984-05,2018-11-07 13:44:51.984-05
Equisetum fluviatile,prêle fluviatile,espèce,17150,2018-11-07 13:44:51.984-05,2018-11-07 13:44:51.984-05
Scirpus atrovirens,scirpe noirâtre,espèce,40227,2018-11-07 13:44:51.984-05,2018-11-07 13:44:51.984-05
Potentilla anserina,potentille ansérine,espèce,24687,2018-11-07 13:44:51.984-05,2018-11-07 13:44:51.984-05
Sagittaria latifolia,sagittaire à larges feuilles,espèce,38908,2018-11-07 13:44:51.984-05,2018-11-07 13:44:51.984-05
Zizania palustris,zizanie des marais,espèce,530918,2018-11-07 13:44:51.984-05,2018-11-07 13:44:51.984-05
Vitis riparia,vigne des rivages,espèce,28624,2018-11-07 13:44:51.984-05,2018-11-07 13:44:51.984-05
Solidago canadensis,verge d'or du canada,espèce,36224,2018-11-07 13:44:51.984-05,2018-11-07 13:44:51.984-05
Plantago major,plantain majeur,espèce,32887,2018-11-07 13:44:51.984-05,2018-11-07 13:44:51.984-05
Carex lacustris,carex lacustre,espèce,39409,2018-11-07 13:44:51.984-05,2018-11-07 13:44:51.984-05
Lysimachia thyrsiflora,lysimache thyrsiflore,espèce,24000,2018-11-07 13:44:51.984-05,2018-11-07 13:44:51.984-05
Eupatorium perfoliatum,eupatoire perfoliée,espèce,35980,2018-11-07 13:44:51.984-05,2018-11-07 13:44:51.984-05
Asclepias incarnata,asclépiade incarnate,espèce,30241,2018-11-07 13:44:51.984-05,2018-11-07 13:44:51.984-05
Scutellaria galericulata,scutellaire à feuilles d'épilobe,espèce,540512,2018-11-07 13:44:51.984-05,2018-11-07 13:44:51.984-05
Lysimachia terrestris,lysimaque terrestre,espèce,23985,2018-11-07 13:44:51.984-05,2018-11-07 13:44:51.984-05
Trillium undulatum,trille ondulé,espèce,43092,2018-11-07 13:44:51.984-05,2018-11-07 13:44:51.984-05
Polygonatum pubescens,sceau-de-salomon pubescent,espèce,43007,2018-11-07 13:44:51.984-05,2018-11-07 13:44:51.984-05
Coptis trifolia,savoyane,espèce,18767,2018-11-07 13:44:51.984-05,2018-11-07 13:44:51.984-05
Osmundastrum cinnamomeum,osmonde cannelle,espèce,1012094,2018-11-07 13:44:51.984-05,2018-11-07 13:44:51.984-05
Dennstaedtia punctilobula,dennstaedtie à lobules ponctués,espèce,17491,2018-11-07 13:44:51.984-05,2018-11-07 13:44:51.984-05
Lycopodium obscurum,lycopode obscur,espèce,17032,2018-11-07 13:44:51.984-05,2018-11-07 13:44:51.984-05
Lycopodium clavatum,lycopode claviforme,espèce,17024,2018-11-07 13:44:51.984-05,2018-11-07 13:44:51.984-05
Rubus repens,dalibarde rampante,espèce,520495,2018-11-07 13:44:51.984-05,2018-11-07 13:44:51.984-05
Pteridium aquilinum,fougère-aigle,espèce,17224,2018-11-07 13:44:51.984-05,2018-11-07 13:44:51.984-05
Medeola virginiana,médéole de virginie,espèce,42963,2018-11-07 13:44:51.984-05,2018-11-07 13:44:51.984-05
Monotropa uniflora,monotrope uniflore,espèce,23778,2018-11-07 13:44:51.984-05,2018-11-07 13:44:51.984-05
Epigaea repens,épigée rampante,espèce,23646,2018-11-07 13:44:51.984-05,2018-11-07 13:44:51.984-05
Osmunda claytoniana,osmonde de clayton,espèce,17220,2018-11-07 13:44:51.984-05,2018-11-07 13:44:51.984-05
Betula glandulosa,bouleau glanduleux,espèce,19485,2018-11-07 13:44:51.984-05,2018-11-07 13:44:51.984-05
Ptilium crista-castrensis,hypne plumeuse,espèce,16320,2018-11-07 13:44:51.984-05,2018-11-07 13:44:51.984-05
Bryophyta,mousse,espèce,14189,2018-11-07 13:44:51.984-05,2018-11-07 13:44:51.984-05
Sphagnaceae,sphaigne,espèce,15682,2018-11-07 13:44:51.984-05,2018-11-07 13:44:51.984-05
Polytrichum ,polytric,espèce,15758,2018-11-07 13:44:51.984-05,2018-11-07 13:44:51.984-05
Cathartes,urubu,genre,175264,2018-11-07 13:44:51.984-05,2018-11-07 13:44:51.984-05
Procyon lotor,raton laveurs,espèce,180575,2018-11-07 13:44:51.984-05,2018-11-07 13:44:51.984-05
Tetraoninae,gélinotte huppée,espèce,175790,2018-11-07 13:44:51.984-05,2018-11-07 13:44:51.984-05
Lythrum salicaria,salicaire pourpre,espèce,27079,2018-11-07 13:44:51.984-05,2018-11-07 13:44:51.984-05
Ribes triste,gadelier amer,espèce,24504,2018-11-07 13:44:51.984-05,2018-11-07 13:44:51.984-05
Salix discolor,saule discolor,espèce,22524,2018-11-07 13:44:51.984-05,2018-11-07 13:44:51.984-05
Lysimachia ciliata,lysimache ciliée,espèce,23984,2018-11-07 13:44:51.984-05,2018-11-07 13:44:51.984-05
Carex michauxiana,carex de michaud,espèce,39695,2018-11-07 13:44:51.984-05,2018-11-07 13:44:51.984-05
Solidago,verge d'or sp.,genre,36223,2018-11-07 13:44:51.984-05,2018-11-07 13:44:51.984-05
Tussilago farfara,tussilage pas-d'âne,espèce,38583,2018-11-07 13:44:51.984-05,2018-11-07 13:44:51.984-05
Parthenocissus quinquefolia,vigne vierge à cinq folioles,espèce,28602,2018-11-07 13:44:51.984-05,2018-11-07 13:44:51.984-05
Coleoptera,coléoptère,ordre,109216,2018-11-07 13:44:51.984-05,2018-11-07 13:44:51.984-05
Carabidae,carabes,famille,109234,2018-11-07 13:44:51.984-05,2018-11-07 13:44:51.984-05
Arachnida,araignée,classe,82708,2018-11-07 13:44:51.984-05,2018-11-07 13:44:51.984-05
Formicidae,fourmis,famille,154193,2018-11-07 13:44:51.984-05,2018-11-07 13:44:51.984-05
Orthoptera  ,orthoptère,ordre,102160,2018-11-07 13:44:51.984-05,2018-11-07 13:44:51.984-05
Collembola,collembole,ordre,99237,2018-11-07 13:44:51.984-05,2018-11-07 13:44:51.984-05
Opiliones,faucheux,ordre,82753,2018-11-07 13:44:51.984-05,2018-11-07 13:44:51.984-05
Acarina,acarien,sous-classe,82754,2018-11-07 13:44:51.984-05,2018-11-07 13:44:51.984-05
Myriapoda,millepatte,sous-embranchement,563885,2018-11-07 13:44:51.984-05,2018-11-07 13:44:51.984-05
Isopoda,cloporte,ordre,92120,2018-11-07 13:44:51.984-05,2018-11-07 13:44:51.984-05
Pseudoscorpiones,pseudoscorpion,ordre,690741,2018-11-07 13:44:51.984-05,2018-11-07 13:44:51.984-05
larve,larve,,,2018-11-07 13:44:51.984-05,2018-11-07 13:44:51.984-05
Mollusca,mollusque,embranchement,69458,2018-11-07 13:44:51.984-05,2018-11-07 13:44:51.984-05
inconnu,inconnu,,,2018-11-07 13:44:51.984-05,2018-11-07 13:44:51.984-05
Diptera,diptère,ordre,118831,2018-11-07 13:44:51.984-05,2018-11-07 13:44:51.984-05
Ichneumonoidea,hyménoptère,super-famille,152865,2018-11-07 13:44:51.984-05,2018-11-07 13:44:51.984-05
Miridae,punaise,famille,104419,2018-11-07 13:44:51.984-05,2018-11-07 13:44:51.984-05
Siphonaptera ,puce,ordre,152732,2018-11-07 13:44:51.984-05,2018-11-07 13:44:51.984-05
Trichoptera,trichoptère,ordre,115095,2018-11-07 13:44:51.984-05,2018-11-07 13:44:51.984-05
Caudata,salamandre,ordre,173584,2018-11-07 13:44:51.984-05,2018-11-07 13:44:51.984-05
Anura,grenouille,ordre,173423,2018-11-07 13:44:51.984-05,2018-11-07 13:44:51.984-05
Aphidoidea,puceron,super-famille,109190,2018-11-07 13:44:51.984-05,2018-11-07 13:44:51.984-05
Lepidoptera,lépidoptère,ordre,117232,2018-11-07 13:44:51.984-05,2018-11-07 13:44:51.984-05
Mecoptera,mécoptère,ordre,114994,2018-11-07 13:44:51.984-05,2018-11-07 13:44:51.984-05
Platynus decentis,,espèce,110391,2018-11-07 13:44:51.984-05,2018-11-07 13:44:51.984-05
Pterostichus coracinus,,espèce,110520,2018-11-07 13:44:51.984-05,2018-11-07 13:44:51.984-05
Pterostichus rostratus,,espèce,110454,2018-11-07 13:44:51.984-05,2018-11-07 13:44:51.984-05
Elateridae,,famille,113879,2018-11-07 13:44:51.984-05,2018-11-07 13:44:51.984-05
Agonum retractum,,espèce,110340,2018-11-07 13:44:51.984-05,2018-11-07 13:44:51.984-05
Staphilinidae,,famille,113265,2018-11-07 13:44:51.984-05,2018-11-07 13:44:51.984-05
Pterostichus adstrictus,,espèce,110510,2018-11-07 13:44:51.984-05,2018-11-07 13:44:51.984-05
Pterostichus tristis,,espèce,932298,2018-11-07 13:44:51.984-05,2018-11-07 13:44:51.984-05
Sphaeroderus nitidicollis brevoorti,,espèce,933341,2018-11-07 13:44:51.984-05,2018-11-07 13:44:51.984-05
Nitidulidae,,famille,114290,2018-11-07 13:44:51.984-05,2018-11-07 13:44:51.984-05
Pterostichus pensylvanicus,,espèce,110511,2018-11-07 13:44:51.984-05,2018-11-07 13:44:51.984-05
Notiophilus aeneus,,espèce,109533,2018-11-07 13:44:51.984-05,2018-11-07 13:44:51.984-05
Melandryidae,,famille,114452,2018-11-07 13:44:51.984-05,2018-11-07 13:44:51.984-05
Calathus advena,,espèce,110820,2018-11-07 13:44:51.984-05,2018-11-07 13:44:51.984-05
Calathus ingratus,,espèce,110839,2018-11-07 13:44:51.984-05,2018-11-07 13:44:51.984-05
Calopterygidae,caloptérygides,famille,102043,2018-11-07 13:44:51.984-05,2018-11-07 13:44:51.984-05
Calopteryx aequabilis,caloptéryx à taches apicales,espèce,102056,2018-11-07 13:44:51.984-05,2018-11-07 13:44:51.984-05
Calopteryx amata,caloptéryx élancé,espèce,102057,2018-11-07 13:44:51.984-05,2018-11-07 13:44:51.984-05
Calopteryx maculata,caloptéryx bistré,espèce,102055,2018-11-07 13:44:51.984-05,2018-11-07 13:44:51.984-05
Hetaerina americana,courtisane d'amérique,espèce,102050,2018-11-07 13:44:51.984-05,2018-11-07 13:44:51.984-05
Lestidae,lestides,famille,102058,2018-11-07 13:44:51.984-05,2018-11-07 13:44:51.984-05
Lestes congener,leste tardif,espèce,102062,2018-11-07 13:44:51.984-05,2018-11-07 13:44:51.984-05
Lestes disjunctus,leste disjoint,espèce,102063,2018-11-07 13:44:51.984-05,2018-11-07 13:44:51.984-05
Lestes dryas,leste dryade,espèce,102066,2018-11-07 13:44:51.984-05,2018-11-07 13:44:51.984-05
Lestes eurinus,leste flamboyant,espèce,102073,2018-11-07 13:44:51.984-05,2018-11-07 13:44:51.984-05
Lestes forcipatus,leste à forceps,espèce,102067,2018-11-07 13:44:51.984-05,2018-11-07 13:44:51.984-05
Lestes inaequalis,leste inégal,espèce,102069,2018-11-07 13:44:51.984-05,2018-11-07 13:44:51.984-05
Lestes rectangularis,leste élancé,espèce,102071,2018-11-07 13:44:51.984-05,2018-11-07 13:44:51.984-05
Lestes unguiculatus,leste onguiculé,espèce,102068,2018-11-07 13:44:51.984-05,2018-11-07 13:44:51.984-05
Lestes vigilax,leste matinal,espèce,102072,2018-11-07 13:44:51.984-05,2018-11-07 13:44:51.984-05
Coenagrionidae,agrionides,famille,102077,2018-11-07 13:44:51.984-05,2018-11-07 13:44:51.984-05
Amphiagrion saucium,agrion rougeâtre,espèce,102095,2018-11-07 13:44:51.984-05,2018-11-07 13:44:51.984-05
Argia fumipennis,argie violacée,espèce,102143,2018-11-07 13:44:51.984-05,2018-11-07 13:44:51.984-05
Argia moesta,argie svelte,espèce,102146,2018-11-07 13:44:51.984-05,2018-11-07 13:44:51.984-05
Chromagrion conditum,agrion à tache jaune,espèce,102134,2018-11-07 13:44:51.984-05,2018-11-07 13:44:51.984-05
Coenagrion interrogatum,agrion ponctué,espèce,102158,2018-11-07 13:44:51.984-05,2018-11-07 13:44:51.984-05
Coenagrion resolutum,agrion résolu,espèce,102156,2018-11-07 13:44:51.984-05,2018-11-07 13:44:51.984-05
Enallagma anna,agrion d'anna,espèce,592485,2018-11-07 13:44:51.984-05,2018-11-07 13:44:51.984-05
Enallagma annexum,agrion porte-coupes d'amérique,espèce,722162,2018-11-07 13:44:51.984-05,2018-11-07 13:44:51.984-05
Enallagma antennatum,agrion arc-en-ciel,espèce,102103,2018-11-07 13:44:51.984-05,2018-11-07 13:44:51.984-05
Enallagma aspersum,agrion saupoudré,espèce,102126,2018-11-07 13:44:51.984-05,2018-11-07 13:44:51.984-05
Enallagma boreale,agrion boréal,espèce,102121,2018-11-07 13:44:51.984-05,2018-11-07 13:44:51.984-05
Enallagma carunculatum,agrion des scirpes,espèce,102123,2018-11-07 13:44:51.984-05,2018-11-07 13:44:51.984-05
Enallagma civile,agrion civil,espèce,102122,2018-11-07 13:44:51.984-05,2018-11-07 13:44:51.984-05
Enallagma clausum,agrion halophile,espèce,102132,2018-11-07 13:44:51.984-05,2018-11-07 13:44:51.984-05
Enallagma ebrium,agrion enivré,espèce,102128,2018-11-07 13:44:51.984-05,2018-11-07 13:44:51.984-05
Enallagma exsulans,agrion exilé,espèce,102112,2018-11-07 13:44:51.984-05,2018-11-07 13:44:51.984-05
Enallagma geminatum,agrion minuscule,espèce,102113,2018-11-07 13:44:51.984-05,2018-11-07 13:44:51.984-05
Enallagma hageni,agrion de hagen,espèce,102129,2018-11-07 13:44:51.984-05,2018-11-07 13:44:51.984-05
Enallagma signatum,agrion orangé,espèce,102115,2018-11-07 13:44:51.984-05,2018-11-07 13:44:51.984-05
Enallagma traviatum,agrion dévoyé,espèce,102116,2018-11-07 13:44:51.984-05,2018-11-07 13:44:51.984-05
Enallagma vernale,agrion printanier,espèce,102131,2018-11-07 13:44:51.984-05,2018-11-07 13:44:51.984-05
Enallagma vesperum,agrion vespéral,espèce,102119,2018-11-07 13:44:51.984-05,2018-11-07 13:44:51.984-05
Ischnura hastata,agrion hasté,espèce,206632,2018-11-07 13:44:51.984-05,2018-11-07 13:44:51.984-05
Ischnura posita,agrion posé,espèce,102082,2018-11-07 13:44:51.984-05,2018-11-07 13:44:51.984-05
Ischnura verticalis,agrion vertical,espèce,102079,2018-11-07 13:44:51.984-05,2018-11-07 13:44:51.984-05
Nehalennia gracilis,déesse gracieuse,espèce,102138,2018-11-07 13:44:51.984-05,2018-11-07 13:44:51.984-05
Nehalennia irene,déesse paisible,espèce,102137,2018-11-07 13:44:51.984-05,2018-11-07 13:44:51.984-05
Aeshnidae,aeschnides,famille,101596,2018-11-07 13:44:51.984-05,2018-11-07 13:44:51.984-05
Aeshna canadensis,aeschne du canada,espèce,185977,2018-11-07 13:44:51.984-05,2018-11-07 13:44:51.984-05
Aeshna clepsydra,aeschne clepsydre,espèce,592654,2018-11-07 13:44:51.984-05,2018-11-07 13:44:51.984-05
Aeshna constricta,aeschne constrictor,espèce,101609,2018-11-07 13:44:51.984-05,2018-11-07 13:44:51.984-05
Aeshna eremita,aeschne porte-crosses,espèce,185978,2018-11-07 13:44:51.984-05,2018-11-07 13:44:51.984-05
Aeshna interrupta,aeschne domino,espèce,185979,2018-11-07 13:44:51.984-05,2018-11-07 13:44:51.984-05
Aeshna juncea,aeschne des joncs,espèce,185981,2018-11-07 13:44:51.984-05,2018-11-07 13:44:51.984-05
Aeshna septentrionalis,aeschne septentrionale,espèce,185982,2018-11-07 13:44:51.984-05,2018-11-07 13:44:51.984-05
Aeshna sitchensis,aeschne à zigzags,espèce,185983,2018-11-07 13:44:51.984-05,2018-11-07 13:44:51.984-05
Aeshna subarctica,aeschne subarctique,espèce,185984,2018-11-07 13:44:51.984-05,2018-11-07 13:44:51.984-05
Aeshna tuberculifera,aeschne à tubercules,espèce,185980,2018-11-07 13:44:51.984-05,2018-11-07 13:44:51.984-05
Aeshna umbrosa,aeschne des pénombres,espèce,101605,2018-11-07 13:44:51.984-05,2018-11-07 13:44:51.984-05
Aeshna verticalis,aeschne verticale,espèce,101607,2018-11-07 13:44:51.984-05,2018-11-07 13:44:51.984-05
Anax junius,anax précoce,espèce,101598,2018-11-07 13:44:51.984-05,2018-11-07 13:44:51.984-05
Anax longipes,anax ardent,espèce,101599,2018-11-07 13:44:51.984-05,2018-11-07 13:44:51.984-05
Basiaeschna janata,aeschne printanière,espèce,101649,2018-11-07 13:44:51.984-05,2018-11-07 13:44:51.984-05
Boyeria grafiana,aeschne fuligineuse,espèce,101646,2018-11-07 13:44:51.984-05,2018-11-07 13:44:51.984-05
Boyeria vinosa,aeschne vineuse,espèce,101647,2018-11-07 13:44:51.984-05,2018-11-07 13:44:51.984-05
Epiaeschna heros,aeschne majestueuse,espèce,101638,2018-11-07 13:44:51.984-05,2018-11-07 13:44:51.984-05
Gomphaeschna furcillata,aeschne pygmée,espèce,101635,2018-11-07 13:44:51.984-05,2018-11-07 13:44:51.984-05
Nasiaeschna pentacantha,aeschne cyrano,espèce,101654,2018-11-07 13:44:51.984-05,2018-11-07 13:44:51.984-05
Rhionaeschna mutata,aeschne des nénuphars,espèce,722026,2018-11-07 13:44:51.984-05,2018-11-07 13:44:51.984-05
Gomphidae,gomphides,famille,101664,2018-11-07 13:44:51.984-05,2018-11-07 13:44:51.984-05
Arigomphus cornutus,gomphe cornu,espèce,101772,2018-11-07 13:44:51.984-05,2018-11-07 13:44:51.984-05
Arigomphus furcifer,gomphe fourchu,espèce,101773,2018-11-07 13:44:51.984-05,2018-11-07 13:44:51.984-05
Dromogomphus spinosus,gomphe épineux,espèce,101732,2018-11-07 13:44:51.984-05,2018-11-07 13:44:51.984-05
Gomphurus fraternus,gomphe fraternel,espèce,101782,2018-11-07 13:44:51.984-05,2018-11-07 13:44:51.984-05
Gomphurus vastus,gomphe-cobra,espèce,101789,2018-11-07 13:44:51.984-05,2018-11-07 13:44:51.984-05
Gomphurus ventricosus,gomphe ventru,espèce,101790,2018-11-07 13:44:51.984-05,2018-11-07 13:44:51.984-05
Hagenius brevistylus,hagénie,espèce,101735,2018-11-07 13:44:51.984-05,2018-11-07 13:44:51.984-05
Gomphus adelphus,gomphe jumeau,espèce,592862,2018-11-07 13:44:51.984-05,2018-11-07 13:44:51.984-05
Lanthus parvulus,gomphe minuscule,espèce,101768,2018-11-07 13:44:51.984-05,2018-11-07 13:44:51.984-05
Ophiogomphus anomalus,ophiogomphe bariolé,espèce,101746,2018-11-07 13:44:51.984-05,2018-11-07 13:44:51.984-05
Ophiogomphus aspersus,ophiogomphe saupoudré,espèce,101747,2018-11-07 13:44:51.984-05,2018-11-07 13:44:51.984-05
Ophiogomphus carolus,ophiogomphe de carole,espèce,101745,2018-11-07 13:44:51.984-05,2018-11-07 13:44:51.984-05
Ophiogomphus colubrinus,ophiogomphe boréal,espèce,101755,2018-11-07 13:44:51.984-05,2018-11-07 13:44:51.984-05
Ophiogomphus mainensis,ophiogomphe du maine,espèce,101739,2018-11-07 13:44:51.984-05,2018-11-07 13:44:51.984-05
Ophiogomphus rupinsulensis,ophiogomphe roussâtre,espèce,101740,2018-11-07 13:44:51.984-05,2018-11-07 13:44:51.984-05
Gomphus borealis,gomphe boréal,espèce,101707,2018-11-07 13:44:51.984-05,2018-11-07 13:44:51.984-05
Gomphus descriptus,gomphe descriptif,espèce,101705,2018-11-07 13:44:51.984-05,2018-11-07 13:44:51.984-05
Gomphus exilis,gomphe exilé,espèce,101679,2018-11-07 13:44:51.984-05,2018-11-07 13:44:51.984-05
Gomphus lividus,gomphe livide,espèce,101685,2018-11-07 13:44:51.984-05,2018-11-07 13:44:51.984-05
Gomphus spicatus,gomphe pointu,espèce,101714,2018-11-07 13:44:51.984-05,2018-11-07 13:44:51.984-05
Progomphus obscurus,gomphe des sables,espèce,101720,2018-11-07 13:44:51.984-05,2018-11-07 13:44:51.984-05
Stylogomphus albistylus,gomphe à styles blancs,espèce,101762,2018-11-07 13:44:51.984-05,2018-11-07 13:44:51.984-05
Stylurus amnicola,gomphe riverain,espèce,593018,2018-11-07 13:44:51.984-05,2018-11-07 13:44:51.984-05
Stylurus notatus,gomphe marqué,espèce,593022,2018-11-07 13:44:51.984-05,2018-11-07 13:44:51.984-05
Stylurus scudderi,gomphe de scudder,espèce,593025,2018-11-07 13:44:51.984-05,2018-11-07 13:44:51.984-05
Stylurus spiniceps,gomphe fléché,espèce,593026,2018-11-07 13:44:51.984-05,2018-11-07 13:44:51.984-05
Cordulegastridae,cordulégastrides,famille,102026,2018-11-07 13:44:51.984-05,2018-11-07 13:44:51.984-05
Cordulegaster diastatops,cordulégastre aux yeux séparés,espèce,102028,2018-11-07 13:44:51.984-05,2018-11-07 13:44:51.984-05
Cordulegaster maculata,cordulégastre maculé,espèce,102031,2018-11-07 13:44:51.984-05,2018-11-07 13:44:51.984-05
Cordulegaster obliqua,cordulégastre oblique,espèce,102032,2018-11-07 13:44:51.984-05,2018-11-07 13:44:51.984-05
Macromiidae,macromides,famille,102019,2018-11-07 13:44:51.984-05,2018-11-07 13:44:51.984-05
Didymops transversa,macromie brune,espèce,101852,2018-11-07 13:44:51.984-05,2018-11-07 13:44:51.984-05
Macromia illinoiensis,macromie noire,espèce,101921,2018-11-07 13:44:51.984-05,2018-11-07 13:44:51.984-05
Corduliidae,cordulides,famille,102020,2018-11-07 13:44:51.984-05,2018-11-07 13:44:51.984-05
Cordulia shurtleffii,cordulie de shurtleffer,espèce,102015,2018-11-07 13:44:51.984-05,2018-11-07 13:44:51.984-05
Dorocordulia libera,cordulie écorcée,espèce,101856,2018-11-07 13:44:51.984-05,2018-11-07 13:44:51.984-05
Epitheca canis,épithèque canine,espèce,102036,2018-11-07 13:44:51.984-05,2018-11-07 13:44:51.984-05
Epitheca cynosura,épithèque à queue de beagle,espèce,185986,2018-11-07 13:44:51.984-05,2018-11-07 13:44:51.984-05
Epitheca princeps,épithèque princière,espèce,185985,2018-11-07 13:44:51.984-05,2018-11-07 13:44:51.984-05
Epitheca spinigera,épithèque épineuse,espèce,185987,2018-11-07 13:44:51.984-05,2018-11-07 13:44:51.984-05
Helocordulia uhleri,épithèque d'uhler,espèce,101880,2018-11-07 13:44:51.984-05,2018-11-07 13:44:51.984-05
Neurocordulia michaeli,épithèque de brunelle,espèce,593381,2018-11-07 13:44:51.984-05,2018-11-07 13:44:51.984-05
Neurocordulia yamaskanensis,épithèque de provancher,espèce,101937,2018-11-07 13:44:51.984-05,2018-11-07 13:44:51.984-05
Somatochlora albicincta,cordulie annelée,espèce,101952,2018-11-07 13:44:51.984-05,2018-11-07 13:44:51.984-05
Somatochlora brevicincta,cordulie de robert,espèce,101964,2018-11-07 13:44:51.984-05,2018-11-07 13:44:51.984-05
Somatochlora cingulata,cordulie ceinturée,espèce,101954,2018-11-07 13:44:51.984-05,2018-11-07 13:44:51.984-05
Somatochlora elongata,cordulie allongée,espèce,101955,2018-11-07 13:44:51.984-05,2018-11-07 13:44:51.984-05
Somatochlora filosa,cordulie tricoteuse,espèce,101956,2018-11-07 13:44:51.984-05,2018-11-07 13:44:51.984-05
Somatochlora forcipata,cordulie fourchue,espèce,101966,2018-11-07 13:44:51.984-05,2018-11-07 13:44:51.984-05
Somatochlora franklini,cordulie de franklin,espèce,101967,2018-11-07 13:44:51.984-05,2018-11-07 13:44:51.984-05
Somatochlora incurvata,cordulie incurvée,espèce,101970,2018-11-07 13:44:51.984-05,2018-11-07 13:44:51.984-05
Somatochlora kennedyi,cordulie de kennedy,espèce,101957,2018-11-07 13:44:51.984-05,2018-11-07 13:44:51.984-05
Somatochlora linearis,cordulie linéaire,espèce,101949,2018-11-07 13:44:51.984-05,2018-11-07 13:44:51.984-05
Somatochlora minor,cordulie mineure,espèce,101958,2018-11-07 13:44:51.984-05,2018-11-07 13:44:51.984-05
Somatochlora septentrionalis,cordulie septentrionale,espèce,101974,2018-11-07 13:44:51.984-05,2018-11-07 13:44:51.984-05
Somatochlora tenebrosa,cordulie ténébreuse,espèce,101950,2018-11-07 13:44:51.984-05,2018-11-07 13:44:51.984-05
Somatochlora walshii,cordulie de walsh,espèce,101960,2018-11-07 13:44:51.984-05,2018-11-07 13:44:51.984-05
Somatochlora whitehousei,cordulie de whitehouse,espèce,101975,2018-11-07 13:44:51.984-05,2018-11-07 13:44:51.984-05
Somatochlora williamsoni,cordulie de williamson,espèce,101961,2018-11-07 13:44:51.984-05,2018-11-07 13:44:51.984-05
Williamsonia fletcheri,cordulie bistrée,espèce,101829,2018-11-07 13:44:51.984-05,2018-11-07 13:44:51.984-05
Libellulidae,libellulides,famille,101797,2018-11-07 13:44:51.984-05,2018-11-07 13:44:51.984-05
Celithemis elisa,célithème indienne,espèce,101843,2018-11-07 13:44:51.984-05,2018-11-07 13:44:51.984-05
Celithemis eponina,célithème géante,espèce,101844,2018-11-07 13:44:51.984-05,2018-11-07 13:44:51.984-05
Erythemis simplicicollis,érythème des étangs,espèce,101866,2018-11-07 13:44:51.984-05,2018-11-07 13:44:51.984-05
Erythrodiplax berenice,érythrodiplax côtier,espèce,101873,2018-11-07 13:44:51.984-05,2018-11-07 13:44:51.984-05
Ladona julia,julienne,espèce,101884,2018-11-07 13:44:51.984-05,2018-11-07 13:44:51.984-05
Leucorrhinia frigida,leucorrhine frigide,espèce,101890,2018-11-07 13:44:51.984-05,2018-11-07 13:44:51.984-05
Leucorrhinia glacialis,leucorrhine glaciale,espèce,101886,2018-11-07 13:44:51.984-05,2018-11-07 13:44:51.984-05
Leucorrhinia,leucorrhine,genre,101885,2018-11-07 13:44:51.984-05,2018-11-07 13:44:51.984-05
Leucorrhinia hudsonica,leucorrhine hudsonienne,espèce,101887,2018-11-07 13:44:51.984-05,2018-11-07 13:44:51.984-05
Leucorrhinia intacta,leucorrhine mouchetée,espèce,101888,2018-11-07 13:44:51.984-05,2018-11-07 13:44:51.984-05
Leucorrhinia patricia,leucorrhine nordique,espèce,101891,2018-11-07 13:44:51.984-05,2018-11-07 13:44:51.984-05
Leucorrhinia proxima,leucorrhine apprivoisée,espèce,101892,2018-11-07 13:44:51.984-05,2018-11-07 13:44:51.984-05
Libellula incesta,voluptueuse,espèce,101900,2018-11-07 13:44:51.984-05,2018-11-07 13:44:51.984-05
Libellula luctuosa,mélancolique,espèce,101894,2018-11-07 13:44:51.984-05,2018-11-07 13:44:51.984-05
Libellula pulchella,gracieuse,espèce,101895,2018-11-07 13:44:51.984-05,2018-11-07 13:44:51.984-05
Libellula quadrimaculata,quadrimaculée,espèce,101896,2018-11-07 13:44:51.984-05,2018-11-07 13:44:51.984-05
Libellula semifasciata,chaleureuse,espèce,101903,2018-11-07 13:44:51.984-05,2018-11-07 13:44:51.984-05
Nannothemis bella,elfe,espèce,101933,2018-11-07 13:44:51.984-05,2018-11-07 13:44:51.984-05
Pachydiplax longipennis,pachydiplax,espèce,101799,2018-11-07 13:44:51.984-05,2018-11-07 13:44:51.984-05
Pantala flavescens,pantale flavescente,espèce,101801,2018-11-07 13:44:51.984-05,2018-11-07 13:44:51.984-05
Pantala hymenaea,pantale bimaculée,espèce,101802,2018-11-07 13:44:51.984-05,2018-11-07 13:44:51.984-05
Perithemis tenera,périthème délicate,espèce,101804,2018-11-07 13:44:51.984-05,2018-11-07 13:44:51.984-05
Plathemis lydia,lydienne,espèce,101809,2018-11-07 13:44:51.984-05,2018-11-07 13:44:51.984-05
Sympetrum corruptum,sympétrum bagarreur,espèce,101978,2018-11-07 13:44:51.984-05,2018-11-07 13:44:51.984-05
Sympetrum costiferum,sympétrum rubigineux,espèce,101980,2018-11-07 13:44:51.984-05,2018-11-07 13:44:51.984-05
Sympetrum danae,sympétrum noir,espèce,101991,2018-11-07 13:44:51.984-05,2018-11-07 13:44:51.984-05
Sympetrum internum,sympétrum intime,espèce,101982,2018-11-07 13:44:51.984-05,2018-11-07 13:44:51.984-05
Sympetrum janeae,sympétrum de jane,espèce,593346,2018-11-07 13:44:51.984-05,2018-11-07 13:44:51.984-05
Sympetrum obtrusum,sympétrum éclaireur,espèce,101981,2018-11-07 13:44:51.984-05,2018-11-07 13:44:51.984-05
Sympetrum rubicundulum,sympétrum à dos roux,espèce,101983,2018-11-07 13:44:51.984-05,2018-11-07 13:44:51.984-05
Sympetrum semicinctum,sympétrum semi-ambré,espèce,101990,2018-11-07 13:44:51.984-05,2018-11-07 13:44:51.984-05
Sympetrum vicinum,sympétrum tardif,espèce,101979,2018-11-07 13:44:51.984-05,2018-11-07 13:44:51.984-05
Tramea lacerata,traméa lacérée,espèce,101822,2018-11-07 13:44:51.984-05,2018-11-07 13:44:51.984-05
